Model,Precision@10,Recall@10,F1-Score
SVD,0.6290163934426236,0.6559391209151942,0.642195711128885
User-Based CF,0.6288524590163941,0.657002344753992,0.6426192737572286
Item-Based CF,0.5921311475409838,0.6401588866965752,0.6152090914582979
